﻿<?xml version="1.0" encoding="utf-8"?>
<StapConfig xmlns:xsd="http://www.w3.org/2001/XMLSchema" xmlns:xsi="http://www.w3.org/2001/XMLSchema-instance">
  <STAPS>
    <sTap>
      <children>
        <sTap>
          <children />
          <SecureTAPonNetworkSelect>SECURE_GREEN</SecureTAPonNetworkSelect>
          <StapName>TAP2SB_gen3_stap</StapName>
          <sTapInstructions>
            <Instruction>
              <Name>SBMSGGO</Name>
              <Opcode>48</Opcode>
              <MappedTDRID>3</MappedTDRID>
            </Instruction>
            <Instruction>
              <Name>SBMSGRSP</Name>
              <Opcode>49</Opcode>
              <MappedTDRID>3</MappedTDRID>
            </Instruction>
            <Instruction>
              <Name>SBMSGNOGO</Name>
              <Opcode>50</Opcode>
              <MappedTDRID>3</MappedTDRID>
            </Instruction>
            <Instruction>
              <Name>SBEXTADDR</Name>
              <Opcode>51</Opcode>
              <MappedTDRID>4</MappedTDRID>
            </Instruction>
            <Instruction>
              <Name>POVRSBFID</Name>
              <Opcode>52</Opcode>
              <MappedTDRID>9</MappedTDRID>
            </Instruction>
            <Instruction>
              <Name>SLVIDCODE</Name>
              <Opcode>12</Opcode>
              <MappedTDRID>19</MappedTDRID>
            </Instruction>
            <Instruction>
              <Name>BYPASS</Name>
              <Opcode>255</Opcode>
              <MappedTDRID>2</MappedTDRID>
            </Instruction>
          </sTapInstructions>
          <TDRs>
            <TDR>
              <ID>0</ID>
              <Name>No Associated TDR</Name>
              <UpdateRegisterLength>0</UpdateRegisterLength>
              <ShiftRegisterLength>0</ShiftRegisterLength>
              <SecurityLevel>SECURE_GREEN</SecurityLevel>
              <EngageType>update_dr</EngageType>
              <ResetAttributes />
              <ThisTDRisRemote>false</ThisTDRisRemote>
              <ThisTAPsupportTertiaryPort>false</ThisTAPsupportTertiaryPort>
              <IsSpecTDR>true</IsSpecTDR>
            </TDR>
            <TDR>
              <ID>3</ID>
              <BitFields>
                <BitField>
                  <MSB>1</MSB>
                  <LSB>0</LSB>
                  <Access>RO</Access>
                  <Default>0x0</Default>
                  <Label>status</Label>
                  <Description>This bit field indicates the current status of pending transactions with the sideband endpoint.
00: No transaction launched.
  TAP/sideband logic block has not received update_dr for MSGGO(0x30), or
  TAP/sideband logic has received update_dr for MSGNOGO (0x32) but external trigger has not come, or
  TAP/sideband logic has not received update_dr for MSGGO(0x18), or
01:Transaction has started.
  TAP/sideband logic has started launching a transaction at sideband upstream interface but launch as not completed yet (busy)
  A request was accepted by the IOSF sideband logic and the transaction is in progress; EOM has not come yet, or
  Trigger condition has been met for launching sideband transaction.
10: A non-posted is pending
  Sideband upstream non-posted transaction has launched to Sideband fabric; waiting for completion.
  IOSF Sideband logic is waiting for Sideband Downstream Completion from Sideband Fabric for Non-posted transaction
  Note: For an sideband upstream posted transaction, this status value will be not be set
11: Transaction completed
  Completion was received from sideband fabric for non-posted transaction
  Sideband upstream posted transaction was launched and completed successfully.</Description>
                </BitField>
                <BitField>
                  <MSB>2</MSB>
                  <LSB>2</LSB>
                  <Access>RW</Access>
                  <Default>0x0</Default>
                  <Label>broadcasten</Label>
                  <Description>Enable a broadcast/multi-cast transaction.
0: Use endpoint defined source ID code. This the strap value applied to this endpoint.
1: Use 0xFE in the source ID code field.</Description>
                </BitField>
                <BitField>
                  <MSB>3</MSB>
                  <LSB>3</LSB>
                  <Access>RW</Access>
                  <Default>0x0</Default>
                  <Label>npwrite</Label>
                  <Description>Indicates if the write message is non-posted (npwrite=1) or posted (npwrite=0). This may apply to either register access write messages, simple messages or messages with data. Read requests are always sent as a non-posted message for any message type(register access or message with data).
0: Write messages with be posted
1: Write messages with be non-posted.</Description>
                </BitField>
                <BitField>
                  <MSB>4</MSB>
                  <LSB>4</LSB>
                  <Access>RW</Access>
                  <Default>0x0</Default>
                  <Label>data64en</Label>
                  <Description>Data with 64-bit enable. This mode is for debugging Vendor Defined Messages primarily to/from the Power Management Unit (PMU).
0: Use 32-bit data
1: Use 64-bit data</Description>
                </BitField>
                <BitField>
                  <MSB>5</MSB>
                  <LSB>5</LSB>
                  <Access>RW</Access>
                  <Default>0x0</Default>
                  <Label>unused</Label>
                  <Description>Unused bit reserved for future use.</Description>
                </BitField>
                <BitField>
                  <MSB>7</MSB>
                  <LSB>6</LSB>
                  <Access>RW</Access>
                  <Default>0x0</Default>
                  <Label>msgtrigsel</Label>
                  <Description>Sideband message trigger select
00: Trigger disable
01: Select Trigger source 0
10: Select Trigger source 1
11: Reserved</Description>
                </BitField>
                <BitField>
                  <MSB>15</MSB>
                  <LSB>8</LSB>
                  <Access>RW</Access>
                  <Default>0x0</Default>
                  <Label>sbmsgbyte0</Label>
                  <Description>Sideband message byte 0:
All message types: Dest (destination)</Description>
                </BitField>
                <BitField>
                  <MSB>23</MSB>
                  <LSB>16</LSB>
                  <Access>RW</Access>
                  <Default>0x0</Default>
                  <Label>sbmsgbyte1</Label>
                  <Description>Sideband message byte 1:
All message types: Opcode</Description>
                </BitField>
                <BitField>
                  <MSB>31</MSB>
                  <LSB>24</LSB>
                  <Access>RW</Access>
                  <Default>0x0</Default>
                  <Label>sbmsgbyte2</Label>
                  <Description>Sideband message byte 2:
SimpMsg: {EH[7], rsvd[6:3], tag[2:0]}
MsgD: {EH[7], rsvd[6:3], tag[2:0]}
RegAccRd: {EH[7], 0, bar[5:3], tag[2:0]}
RegAccWr: {EH[7], 0, bar[5:3], tag[2:0]}
CompD: {EH[7], rsvd[6:5], rsp[4:3], tag[2:0]}
CompNoD: {EH[7], rsvd[6:5], rsp[4:3], tag[2:0]}
Note1: EH bit is automatically set by the TAP2SB logic block if the parameter SAI_AWARE = 1.</Description>
                </BitField>
                <BitField>
                  <MSB>39</MSB>
                  <LSB>32</LSB>
                  <Access>RW</Access>
                  <Default>0x0</Default>
                  <Label>sbmsgbyte3</Label>
                  <Description>Sideband message byte 3:
SimpMsg: NA
MsgD: data[7:0]
RegAccRd: {0000, fbe[3:0]}
RegAccWr: {0000, fbe[3:0]}
CompD: data[7:0]
CompNoD: NA</Description>
                </BitField>
                <BitField>
                  <MSB>47</MSB>
                  <LSB>40</LSB>
                  <Access>RW</Access>
                  <Default>0x0</Default>
                  <Label>sbmsgbyte4</Label>
                  <Description>Sideband message byte 4:
SimpMsg: NA
MsgD: data[15:8]
RegAccRd: fid
RegAccWr: fid
CompD: data[15:8]
CompNoD: NA</Description>
                </BitField>
                <BitField>
                  <MSB>55</MSB>
                  <LSB>48</LSB>
                  <Access>RW</Access>
                  <Default>0x0</Default>
                  <Label>sbmsgbyte5</Label>
                  <Description>Sideband message byte 5:
SimpMsg: NA
MsgD: data[23:16]
RegAccRd: address[7:0]
RegAccWr: address[7:0]
CompD: data[23:16]
CompNoD: NA</Description>
                </BitField>
                <BitField>
                  <MSB>63</MSB>
                  <LSB>56</LSB>
                  <Access>RW</Access>
                  <Default>0x0</Default>
                  <Label>sbmsgbyte6</Label>
                  <Description>Sideband message byte 6:
SimpMsg: NA
MsgD: data[31:24]
RegAccRd: address[15:8]
RegAccWr: address[15:8]
CompD: data[31:24]
CompNoD: NA</Description>
                </BitField>
                <BitField>
                  <MSB>71</MSB>
                  <LSB>64</LSB>
                  <Access>RW</Access>
                  <Default>0x0</Default>
                  <Label>sbmsgbyte7</Label>
                  <Description>Sideband message byte 7:
SimpMsg: NA
MsgD: data[39:32]
RegAccRd: NA
RegAccWr: data[7:0]
CompD: NA
CompNoD: NA</Description>
                </BitField>
                <BitField>
                  <MSB>79</MSB>
                  <LSB>72</LSB>
                  <Access>RW</Access>
                  <Default>0x0</Default>
                  <Label>sbmsgbyte8</Label>
                  <Description>Sideband message byte 8:
SimpMsg: NA
MsgD: data[47:40]
RegAccRd: NA
RegAccWr: data[15:8]
CompD: NA
CompNoD: NA</Description>
                </BitField>
                <BitField>
                  <MSB>87</MSB>
                  <LSB>80</LSB>
                  <Access>RW</Access>
                  <Default>0x0</Default>
                  <Label>sbmsgbyte9</Label>
                  <Description>Sideband message byte 9:
SimpMsg: NA
MsgD: data[55:48]
RegAccRd: NA
RegAccWr: data[23:16]
CompD: NA
CompNoD: NA</Description>
                </BitField>
                <BitField>
                  <MSB>95</MSB>
                  <LSB>88</LSB>
                  <Access>RW</Access>
                  <Default>0x0</Default>
                  <Label>sbmsgbyte10</Label>
                  <Description>Sideband message byte 10:
SimpMsg: NA
MsgD: data[63:56]
RegAccRd: NA
RegAccWr: data[31:24]
CompD: NA
CompNoD: NA</Description>
                </BitField>
              </BitFields>
              <Name>SBMSG</Name>
              <UpdateRegisterLength>96</UpdateRegisterLength>
              <ShiftRegisterLength>96</ShiftRegisterLength>
              <SecurityLevel>SECURE_ORANGE</SecurityLevel>
              <EngageType>update_dr</EngageType>
              <ResetAttributes>Powergood_Reset</ResetAttributes>
              <ThisTDRisRemote>false</ThisTDRisRemote>
              <ThisTAPsupportTertiaryPort>false</ThisTAPsupportTertiaryPort>
              <IsSpecTDR>false</IsSpecTDR>
            </TDR>
            <TDR>
              <ID>4</ID>
              <BitFields>
                <BitField>
                  <MSB>31</MSB>
                  <LSB>0</LSB>
                  <Access>RW</Access>
                  <Default>0x0</Default>
                  <Label>extAddr</Label>
                  <Description>Extended Address[31:0]
The address information written in this register will be applied to overall SB address as [47:16].</Description>
                </BitField>
              </BitFields>
              <Name>SBEXTADDR</Name>
              <UpdateRegisterLength>32</UpdateRegisterLength>
              <ShiftRegisterLength>32</ShiftRegisterLength>
              <SecurityLevel>SECURE_ORANGE</SecurityLevel>
              <EngageType>update_dr</EngageType>
              <ResetAttributes>Powergood_Reset</ResetAttributes>
              <ThisTDRisRemote>false</ThisTDRisRemote>
              <ThisTAPsupportTertiaryPort>false</ThisTAPsupportTertiaryPort>
              <IsSpecTDR>false</IsSpecTDR>
            </TDR>
            <TDR>
              <ID>9</ID>
              <BitFields>
                <BitField>
                  <MSB>8</MSB>
                  <LSB>8</LSB>
                  <Access>RW</Access>
                  <Default>0x0</Default>
                  <Label>pmsgactive</Label>
                  <Description>Override access to from Parallel Message Bus from NTI
0: No Sideband access from the parallel message bus
1: Sideband access from the parallel message bus</Description>
                </BitField>
                <BitField>
                  <MSB>7</MSB>
                  <LSB>0</LSB>
                  <Access>RW</Access>
                  <Default>0x0</Default>
                  <Label>pmsgfid</Label>
                  <Description>TAP access to set the FID (Function ID at Sideband interface) for Parallel Message Bus</Description>
                </BitField>
              </BitFields>
              <Name>POVRSBFID</Name>
              <UpdateRegisterLength>9</UpdateRegisterLength>
              <ShiftRegisterLength>9</ShiftRegisterLength>
              <SecurityLevel>SECURE_RED</SecurityLevel>
              <EngageType>update_dr</EngageType>
              <ResetAttributes>Powergood_Reset</ResetAttributes>
              <ThisTDRisRemote>false</ThisTDRisRemote>
              <ThisTAPsupportTertiaryPort>false</ThisTAPsupportTertiaryPort>
              <IsSpecTDR>false</IsSpecTDR>
            </TDR>
            <TDR>
              <ID>19</ID>
              <BitFields>
                <BitField>
                  <MSB>31</MSB>
                  <LSB>28</LSB>
                  <Access>RO</Access>
                  <Default>0x0</Default>
                  <Label>VerCode</Label>
                  <Description>Version Code sub-field [3:0]: This bit field is optional to apply a version number to this TAP. The legal range for this bit field is 0-Fh (0-15dec).</Description>
                </BitField>
                <BitField>
                  <MSB>27</MSB>
                  <LSB>24</LSB>
                  <Access>RO</Access>
                  <Default>0x0</Default>
                  <Label>SpecialInfo</Label>
                  <Description>Special information bit field [3:0]: This field contains special information about the TAP.
[27]: This TAP is an IA-core
[26]: This TAP is a vendor TAP
[25]: This sTAP control a sub-TAP network 
[24]: This sTAP controls a WTAP network</Description>
                </BitField>
                <BitField>
                  <MSB>23</MSB>
                  <LSB>19</LSB>
                  <Access>RO</Access>
                  <Default>0x0</Default>
                  <Label>PwrIsland</Label>
                  <Description>Power Island bit field [4:0]: This field contains a unique value that is assigned to a power island well name. The legal range for this bit field is 0-1Fh (0-31dec).</Description>
                </BitField>
                <BitField>
                  <MSB>18</MSB>
                  <LSB>13</LSB>
                  <Access>RO</Access>
                  <Default>0x0</Default>
                  <Label>Region</Label>
                  <Description>Region bit field [5:0]: This bit field is a unique value that is assign to a region name. The legal range for this bit field is 0-3Fh (0-63 dec).</Description>
                </BitField>
                <BitField>
                  <MSB>12</MSB>
                  <LSB>8</LSB>
                  <Access>RO</Access>
                  <Default>0x0</Default>
                  <Label>NetwCtrlID</Label>
                  <Description>Network controller ID number [4:0]: This is bit field is the value of the TAP ID number that controls the sub-network. The legal range for this bit field is 0-1Fh (0-31dec).</Description>
                </BitField>
                <BitField>
                  <MSB>7</MSB>
                  <LSB>1</LSB>
                  <Access>RO</Access>
                  <Default>0x1</Default>
                  <Label>TapIDNum</Label>
                  <Description>TAP ID number [7:1]: This bit field is a number uniquely assigned to a TAP. There are only 128 values available for any given region or power island. If more values are needed then the user must assign a new region. The legal range for this bit field is 0-7F (0-127dec).</Description>
                </BitField>
                <BitField>
                  <MSB>0</MSB>
                  <LSB>0</LSB>
                  <Access>RO</Access>
                  <Default>0x1</Default>
                  <Label>Logic_1</Label>
                  <Description>Logic 1: This is same value as the IDCODE in the 1149.1 spec. This bit field is required in both the slave TAP and WTAP formats of the SLVIDCODE.</Description>
                </BitField>
              </BitFields>
              <Name>SLVIDCODE</Name>
              <UpdateRegisterLength>32</UpdateRegisterLength>
              <ShiftRegisterLength>32</ShiftRegisterLength>
              <SecurityLevel>SECURE_GREEN</SecurityLevel>
              <EngageType>update_dr</EngageType>
              <ResetAttributes />
              <ThisTDRisRemote>false</ThisTDRisRemote>
              <ThisTAPsupportTertiaryPort>false</ThisTAPsupportTertiaryPort>
              <IsSpecTDR>true</IsSpecTDR>
            </TDR>
            <TDR>
              <ID>2</ID>
              <BitFields>
                <BitField>
                  <MSB>0</MSB>
                  <LSB>0</LSB>
                  <Access>RW</Access>
                  <Default>0x0</Default>
                  <Label>Bypass</Label>
                  <Description>A one bit register used to bypass this TAP in a series stitched topology.</Description>
                </BitField>
              </BitFields>
              <Name>BYPASS</Name>
              <UpdateRegisterLength>1</UpdateRegisterLength>
              <ShiftRegisterLength>1</ShiftRegisterLength>
              <SecurityLevel>SECURE_GREEN</SecurityLevel>
              <EngageType>update_dr</EngageType>
              <ResetAttributes />
              <ThisTDRisRemote>false</ThisTDRisRemote>
              <ThisTAPsupportTertiaryPort>false</ThisTAPsupportTertiaryPort>
              <IsSpecTDR>true</IsSpecTDR>
            </TDR>
          </TDRs>
          <IpName>instance_name</IpName>
          <StapNum>1</StapNum>
          <TapType>slave_tap</TapType>
          <PowerIslandName>soc_core_well</PowerIslandName>
          <RegionName>soc_region</RegionName>
          <TapSupportsBoundaryScan>false</TapSupportsBoundaryScan>
          <Enable_TAP_Remove>false</Enable_TAP_Remove>
          <StapIRlength>8</StapIRlength>
          <StapParkValue>Logic 0</StapParkValue>
          <PowerGoodName>fdfx_powergood</PowerGoodName>
          <VersionNum>0</VersionNum>
          <RTDR_IS_BUSSED>false</RTDR_IS_BUSSED>
          <TDR_Prog_RST_isTrue>false</TDR_Prog_RST_isTrue>
          <RTDR_Prog_RST_isTrue>false</RTDR_Prog_RST_isTrue>
          <ThisTAPsupports_HybridNetwork>false</ThisTAPsupports_HybridNetwork>
          <TapSupports_TertiaryPort>false</TapSupports_TertiaryPort>
          <SlvidcodeSignalName>ftap_slvidcode</SlvidcodeSignalName>
          <IsThisTap_aVendorTap>false</IsThisTap_aVendorTap>
          <VendorIDcodeSignalName>ftap_idcode</VendorIDcodeSignalName>
          <OvrOpcodesForVendorTAP>false</OvrOpcodesForVendorTAP>
          <IsThisTap_anIAcore>false</IsThisTap_anIAcore>
          <OvrOpcodesForIAcoreTAP>false</OvrOpcodesForIAcoreTAP>
          <Number_of_WTAPs>0</Number_of_WTAPs>
          <sTAPsupportsWTAPcontrolPosEdge>false</sTAPsupportsWTAPcontrolPosEdge>
          <sTAPsupportsWTAPinSeries>false</sTAPsupportsWTAPinSeries>
          <This_Is_A_WTAP>false</This_Is_A_WTAP>
          <WTAP_Name>Un-named_WTAP</WTAP_Name>
          <WTAP_IR_length>8</WTAP_IR_length>
          <WTAP_uses_slvidcode>false</WTAP_uses_slvidcode>
          <WTAP_SlvidcodeSignalName>ftap_slvidcode</WTAP_SlvidcodeSignalName>
          <Number_EXI_TapAgents>0</Number_EXI_TapAgents>
        </sTap>
      </children>
      <SecureTAPonNetworkSelect>SECURE_GREEN</SecureTAPonNetworkSelect>
      <StapName>CLTAP</StapName>
      <sTapInstructions>
        <Instruction>
          <Name>CLTAPC_SEC_SEL</Name>
          <Opcode>16</Opcode>
          <MappedTDRID>4</MappedTDRID>
        </Instruction>
        <Instruction>
          <Name>CLTAPC_SELECT</Name>
          <Opcode>17</Opcode>
          <MappedTDRID>5</MappedTDRID>
        </Instruction>
        <Instruction>
          <Name>CLTAPC_SELECT_OVR</Name>
          <Opcode>18</Opcode>
          <MappedTDRID>6</MappedTDRID>
        </Instruction>
        <Instruction>
          <Name>IDCODE</Name>
          <Opcode>2</Opcode>
          <MappedTDRID>11</MappedTDRID>
        </Instruction>
        <Instruction>
          <Name>SAMPLE_PRELOAD</Name>
          <Opcode>1</Opcode>
          <MappedTDRID>1</MappedTDRID>
        </Instruction>
        <Instruction>
          <Name>PRELOAD</Name>
          <Opcode>3</Opcode>
          <MappedTDRID>1</MappedTDRID>
        </Instruction>
        <Instruction>
          <Name>CLAMP</Name>
          <Opcode>4</Opcode>
          <MappedTDRID>2</MappedTDRID>
        </Instruction>
        <Instruction>
          <Name>INTEST</Name>
          <Opcode>6</Opcode>
          <MappedTDRID>1</MappedTDRID>
        </Instruction>
        <Instruction>
          <Name>HIGHZ</Name>
          <Opcode>8</Opcode>
          <MappedTDRID>2</MappedTDRID>
        </Instruction>
        <Instruction>
          <Name>EXTEST</Name>
          <Opcode>9</Opcode>
          <MappedTDRID>1</MappedTDRID>
        </Instruction>
        <Instruction>
          <Name>EXTEST_TOGGLE</Name>
          <Opcode>13</Opcode>
          <MappedTDRID>1</MappedTDRID>
        </Instruction>
        <Instruction>
          <Name>EXTEST_PULSE</Name>
          <Opcode>14</Opcode>
          <MappedTDRID>1</MappedTDRID>
        </Instruction>
        <Instruction>
          <Name>EXTEST_TRAIN</Name>
          <Opcode>15</Opcode>
          <MappedTDRID>1</MappedTDRID>
        </Instruction>
        <Instruction>
          <Name>BYPASS</Name>
          <Opcode>255</Opcode>
          <MappedTDRID>2</MappedTDRID>
        </Instruction>
      </sTapInstructions>
      <TDRs>
        <TDR>
          <ID>0</ID>
          <Name>No Associated TDR</Name>
          <UpdateRegisterLength>0</UpdateRegisterLength>
          <ShiftRegisterLength>0</ShiftRegisterLength>
          <SecurityLevel>SECURE_GREEN</SecurityLevel>
          <EngageType>update_dr</EngageType>
          <ResetAttributes />
          <ThisTDRisRemote>false</ThisTDRisRemote>
          <ThisTAPsupportTertiaryPort>false</ThisTAPsupportTertiaryPort>
          <IsSpecTDR>true</IsSpecTDR>
        </TDR>
        <TDR>
          <ID>4</ID>
          <BitFields>
            <BitField>
              <MSB>0</MSB>
              <LSB>0</LSB>
              <Access>RW</Access>
              <Default>0x0</Default>
              <Label>TAP2SB_stap_SECSEL[0]</Label>
              <Description>Secondary TAP port select for TAP2SB_stap
 This bit will select the secondary TAP port for direct communication between the tester/host and this TAP. 
0: This TAP is connected to the primary TAP network.
1: This TAP is connected to the secondary TAP port.</Description>
            </BitField>
          </BitFields>
          <Name>CLTAPC_SEC_SEL</Name>
          <UpdateRegisterLength>1</UpdateRegisterLength>
          <ShiftRegisterLength>1</ShiftRegisterLength>
          <SecurityLevel>SECURE_GREEN</SecurityLevel>
          <EngageType>update_dr</EngageType>
          <ResetAttributes />
          <ThisTDRisRemote>false</ThisTDRisRemote>
          <ThisTAPsupportTertiaryPort>false</ThisTAPsupportTertiaryPort>
          <IsSpecTDR>true</IsSpecTDR>
        </TDR>
        <TDR>
          <ID>5</ID>
          <BitFields>
            <BitField>
              <MSB>1</MSB>
              <LSB>0</LSB>
              <Access>RW</Access>
              <Default>0x0</Default>
              <Label>TAP2SB_stap_SELECT[0]</Label>
              <Description>Select mode for TAP2SB_stap
00: Isolated mode. This TAP is completely removed from the TAP network.
01: Normal mode. This TAP operates normally in the network.
10: Excluded mode. During the IR branch of the TAP state machine this TAP will be stitched serially with the CLTAP and other TAPs in this mode. During the DR branch of the TAP state machine this TAP’s TDI and TDO will be disconnected from the serial stitched network.
11: Shadow mode. 
The select TAP will receive TDI data but the TDO is not connected to the MTDP network. Refer to Section 7.4.2 for more information.</Description>
            </BitField>
          </BitFields>
          <Name>CLTAPC_SELECT</Name>
          <UpdateRegisterLength>2</UpdateRegisterLength>
          <ShiftRegisterLength>2</ShiftRegisterLength>
          <SecurityLevel>SECURE_GREEN</SecurityLevel>
          <EngageType>update_dr</EngageType>
          <ResetAttributes />
          <ThisTDRisRemote>false</ThisTDRisRemote>
          <ThisTAPsupportTertiaryPort>false</ThisTAPsupportTertiaryPort>
          <IsSpecTDR>true</IsSpecTDR>
        </TDR>
        <TDR>
          <ID>6</ID>
          <BitFields>
            <BitField>
              <MSB>1</MSB>
              <LSB>0</LSB>
              <Access>RW</Access>
              <Default>0x0</Default>
              <Label>TAP2SB_stap_SELOVR[0]</Label>
              <Description>Select override mode for Secondary TAP port select for TAP2SB_stap
00: Isolated mode. This TAP is completely removed from the TAP network.
01: Normal mode. This TAP operates normally in the network.
10: Excluded mode. During the IR branch of the TAP state machine this TAP will be stitched serially with the CLTAP and other TAPs in this mode. During the DR branch of the TAP state machine this TAP’s TDI and TDO will be disconnected from the serial stitched network.
11: Shadow mode. 
The select TAP will receive TDI data but the TDO is not connected to the MTDP network. Refer to section 7.4.2 for more information.
cltapc_enabletdo = 0
cltapc_enabletap = 1</Description>
            </BitField>
          </BitFields>
          <Name>CLTAPC_SELECT_OVR</Name>
          <UpdateRegisterLength>2</UpdateRegisterLength>
          <ShiftRegisterLength>2</ShiftRegisterLength>
          <SecurityLevel>SECURE_GREEN</SecurityLevel>
          <EngageType>update_dr</EngageType>
          <ResetAttributes />
          <ThisTDRisRemote>false</ThisTDRisRemote>
          <ThisTAPsupportTertiaryPort>false</ThisTAPsupportTertiaryPort>
          <IsSpecTDR>true</IsSpecTDR>
        </TDR>
        <TDR>
          <ID>11</ID>
          <BitFields>
            <BitField>
              <MSB>31</MSB>
              <LSB>28</LSB>
              <Access>RO</Access>
              <Default>0x0</Default>
              <Label>REV</Label>
              <Description>Revision: This value indicates the full and partial steppings for the chip. To ensure consistency, this revision ID comes from the RID register, where:
Bits[31:30] = RID[5:4]
Bits[29:28] = RID[1:0]
The most significant 2 bits are the major stepping number:
00xx: A-step
01xx: B-step
10xx: C-step
11xx: D-step
The least significant 2 bits is the revision within a stepping.
xx00: {A,B,C,D}0 stepping. Example, 0000 is A0 stepping.
xx01: {A,B,C,D}1 stepping. Example, 0101 is B1 stepping.</Description>
            </BitField>
            <BitField>
              <MSB>27</MSB>
              <LSB>22</LSB>
              <Access>RO</Access>
              <Default>0x0</Default>
              <Label>PRODSEG</Label>
              <Description>Product Segment: Number assigned for which market segment this component belong. Since this format is new, the value for chipset is shown with others as an example.</Description>
            </BitField>
            <BitField>
              <MSB>21</MSB>
              <LSB>17</LSB>
              <Access>RO</Access>
              <Default>0x0</Default>
              <Label>PRODTYP</Label>
              <Description>Product Type: Number assigned to further define the component within the market segment. Since this format is new, the value for chipset is shown with others as an example.</Description>
            </BitField>
            <BitField>
              <MSB>16</MSB>
              <LSB>12</LSB>
              <Access>RO</Access>
              <Default>0x0</Default>
              <Label>COMPNUM</Label>
              <Description>Component Number: Sequential listing based on request to database.</Description>
            </BitField>
            <BitField>
              <MSB>11</MSB>
              <LSB>1</LSB>
              <Access>RO</Access>
              <Default>0x0</Default>
              <Label>MANUFID</Label>
              <Description>Manufacturing ID: This number is assigned to Intel.</Description>
            </BitField>
            <BitField>
              <MSB>0</MSB>
              <LSB>0</LSB>
              <Access>RO</Access>
              <Default>0x1</Default>
              <Label>Logic_1</Label>
              <Description>Logic 1</Description>
            </BitField>
          </BitFields>
          <Name>IDCODE</Name>
          <UpdateRegisterLength>32</UpdateRegisterLength>
          <ShiftRegisterLength>32</ShiftRegisterLength>
          <SecurityLevel>SECURE_GREEN</SecurityLevel>
          <EngageType>update_dr</EngageType>
          <ResetAttributes />
          <ThisTDRisRemote>false</ThisTDRisRemote>
          <ThisTAPsupportTertiaryPort>false</ThisTAPsupportTertiaryPort>
          <IsSpecTDR>true</IsSpecTDR>
        </TDR>
        <TDR>
          <ID>1</ID>
          <BitFields>
            <BitField>
              <MSB>0</MSB>
              <LSB>0</LSB>
              <Access>RW</Access>
              <Default>0x0</Default>
              <Label>SampleBit</Label>
              <Description>Bit description</Description>
            </BitField>
          </BitFields>
          <Name>BSCAN</Name>
          <UpdateRegisterLength>1</UpdateRegisterLength>
          <ShiftRegisterLength>1</ShiftRegisterLength>
          <SecurityLevel>SECURE_GREEN</SecurityLevel>
          <EngageType>update_dr</EngageType>
          <ResetAttributes />
          <ThisTDRisRemote>false</ThisTDRisRemote>
          <ThisTAPsupportTertiaryPort>false</ThisTAPsupportTertiaryPort>
          <IsSpecTDR>true</IsSpecTDR>
        </TDR>
        <TDR>
          <ID>2</ID>
          <BitFields>
            <BitField>
              <MSB>0</MSB>
              <LSB>0</LSB>
              <Access>RW</Access>
              <Default>0x0</Default>
              <Label>Bypass</Label>
              <Description>A one bit register used to bypass this TAP in a series stitched topology.</Description>
            </BitField>
          </BitFields>
          <Name>BYPASS</Name>
          <UpdateRegisterLength>1</UpdateRegisterLength>
          <ShiftRegisterLength>1</ShiftRegisterLength>
          <SecurityLevel>SECURE_GREEN</SecurityLevel>
          <EngageType>update_dr</EngageType>
          <ResetAttributes />
          <ThisTDRisRemote>false</ThisTDRisRemote>
          <ThisTAPsupportTertiaryPort>false</ThisTAPsupportTertiaryPort>
          <IsSpecTDR>true</IsSpecTDR>
        </TDR>
      </TDRs>
      <IpName>instance_name</IpName>
      <StapNum>0</StapNum>
      <TapType>slave_tap</TapType>
      <PowerIslandName>soc_core_well</PowerIslandName>
      <RegionName>soc_region</RegionName>
      <TapSupportsBoundaryScan>true</TapSupportsBoundaryScan>
      <Enable_TAP_Remove>false</Enable_TAP_Remove>
      <StapIRlength>8</StapIRlength>
      <StapParkValue>Logic 0</StapParkValue>
      <PowerGoodName>fdfx_powergood</PowerGoodName>
      <VersionNum>0</VersionNum>
      <RTDR_IS_BUSSED>false</RTDR_IS_BUSSED>
      <TDR_Prog_RST_isTrue>false</TDR_Prog_RST_isTrue>
      <RTDR_Prog_RST_isTrue>false</RTDR_Prog_RST_isTrue>
      <ThisTAPsupports_HybridNetwork>false</ThisTAPsupports_HybridNetwork>
      <TapSupports_TertiaryPort>false</TapSupports_TertiaryPort>
      <SlvidcodeSignalName>ftap_slvidcode</SlvidcodeSignalName>
      <IsThisTap_aVendorTap>true</IsThisTap_aVendorTap>
      <VendorIDinfo>0x0000_0001</VendorIDinfo>
      <VendorIDcodeSignalName>ftap_idcode</VendorIDcodeSignalName>
      <VendorIRcaptureValue>0x01</VendorIRcaptureValue>
      <OvrOpcodesForVendorTAP>false</OvrOpcodesForVendorTAP>
      <IsThisTap_anIAcore>false</IsThisTap_anIAcore>
      <OvrOpcodesForIAcoreTAP>false</OvrOpcodesForIAcoreTAP>
      <Number_of_WTAPs>0</Number_of_WTAPs>
      <sTAPsupportsWTAPcontrolPosEdge>false</sTAPsupportsWTAPcontrolPosEdge>
      <sTAPsupportsWTAPinSeries>false</sTAPsupportsWTAPinSeries>
      <This_Is_A_WTAP>false</This_Is_A_WTAP>
      <WTAP_Name>Un-named_WTAP</WTAP_Name>
      <WTAP_IR_length>8</WTAP_IR_length>
      <WTAP_uses_slvidcode>false</WTAP_uses_slvidcode>
      <WTAP_SlvidcodeSignalName>ftap_slvidcode</WTAP_SlvidcodeSignalName>
      <Number_EXI_TapAgents>0</Number_EXI_TapAgents>
    </sTap>
  </STAPS>
  <PowerIslands>
    <PowerIsland>
      <name>soc_core_well</name>
      <number>0</number>
    </PowerIsland>
  </PowerIslands>
  <Regions>
    <Region>
      <name>soc_region</name>
      <number>0</number>
    </Region>
  </Regions>
  <stapUniqueNum>0</stapUniqueNum>
  <TapToolConfig>
    <SetCLTAPidCode>0x0000_0001</SetCLTAPidCode>
    <PasteOpt_withDestAttr>true</PasteOpt_withDestAttr>
    <PasteOpt_withDefault>false</PasteOpt_withDefault>
    <NewTap_withDestAttr>true</NewTap_withDestAttr>
    <NewTap_withDefaultAttr>false</NewTap_withDefaultAttr>
    <TapRev14x>false</TapRev14x>
    <TapRev151>true</TapRev151>
    <TapRevFuture>false</TapRevFuture>
    <UseWTAPsForBFM>false</UseWTAPsForBFM>
    <IncludeCLTAPbfmOutputEnable>true</IncludeCLTAPbfmOutputEnable>
    <ExcludeCLTAPbfmOutputEnable>false</ExcludeCLTAPbfmOutputEnable>
    <AutoAssignTapNumEnable>true</AutoAssignTapNumEnable>
    <SetAutoAssignValue>8</SetAutoAssignValue>
    <SetBfmOutputDirectory />
    <SetSysRdlOutputDirectory />
    <SetIncludeOutputDirectory />
    <SetCollageOutputDirectory />
    <SetTextOutputDirectory />
  </TapToolConfig>
</StapConfig>